,mH,mA,mHp,lam345,lam2,mu2sq,lam1,lam3,lam4,lam5,kalam,dghZZ1L,kalam1L,kalam2L,kalam2LDI,kagam1L,kagam2L,kagam2LDI,MW1L,sl1L,GamZ1L,MW2L,sl2L,GamZ2L,effZZh1L_s0,effZZh1L_s240,effZZh1L_s365,effZZh1L_s500,effZZh1L_s550,effZZh1Lkala_s0,effZZh1Lkala_s240,effZZh1Lkala_s365,effZZh1Lkala_s500,effZZh1Lkala_s550,dkappaf,DeltaGammagamgam1L,DeltaGammagamgam2L,DeltaGammagamgam2LDI,dkappaZgam1L,DeltaGammaZgam1L,effZZh1Ltot_s0,effZZh1Ltot_s240,effZZh1Ltot_s365,effZZh1L_var
0,61.395264371013596,543.6108869159586,542.3613150416805,-0.23177877031796687,7.176041320946392,10795.070021578647,0.2581482588231646,9.348119016418586,-4.767565056566735,-4.8123327301698176,2.9322141391834493,-0.00831223339414829,2.9322141391834493,3.659991336693252,4.748980181149601,-4.978383681030907,-5.799696464687088,-6.618919904645271,80.3607491081132,0.23147303789836404,2.494419969818849,80.35936842735543,0.2314802641251654,2.49433639500464,-0.002771950253870676,-0.0015338639431640474,0.00020722117714913542,0.0032450630779013584,0.0048161814908773155,0.007884071255645208,0.017714996876679757,0.006316228899301238,0.0015773299688794534,0.00037326984079765635,-0.013782532852940678,-0.09708924321306256,-0.11263028138549136,-0.12799738802249438,-1.8457078825552253,-0.036573493892331777,0.005112121001774532,0.01618113293351571,0.006523450076450373,0.5968483725303028
1,61.60910593326015,424.27339372596924,434.69126232753155,-0.2293910259573416,14.169796349075511,10748.99602268416,0.2581482588231646,5.879095948735628,-3.2018510980429196,-2.9066358766500504,1.6812442989026344,-0.004855457650806999,1.6812442989026344,1.9973875438926618,2.4878795410337355,-4.893591554073384,-5.591442035479388,-6.581023284064091,80.39153216747965,0.23130636307015173,2.496099983684641,80.39672420928737,0.2312802214207837,2.496435655490563,-0.0012646209516632108,-7.16557285029906e-05,0.0016902657697687078,0.005339278390875185,0.007520506820311173,0.002779701527968427,0.006245809086365593,0.002226924459848652,0.0005561221331510903,0.00013160443547067673,-0.008131565025839295,-0.09547710725165781,-0.10870241830597516,-0.1272894789347424,-1.816207796919589,-0.0359942948622326,0.0015150805763052163,0.006174153357862602,0.00391719022961736,0.36555022161395884
2,61.76240315931701,496.2325253262065,498.52218429947914,-0.46030934438363647,9.16238148833533,17767.51799952808,0.2581482588231646,7.612708119773233,-4.074078748693058,-3.9989387154638116,2.196423896525483,-2.6213518586763892e-05,2.1964238965254834,2.654488450854786,3.4201213689493364,-4.804892304108299,-5.323807237657585,-6.164653592715652,80.37148266210399,0.23141520695750845,2.4950082307088715,80.37327041064414,0.23140595687464824,2.495119238504104,0.0036401345040096055,0.004768674957750587,0.006373347582915155,0.009248942464939671,0.010814812200707999,0.004881804278768936,0.010969097658653292,0.003910998805878928,0.0009766801873578484,0.00023112808685444496,-0.008716682263841424,-0.093789147076758,-0.10364185240277823,-0.1194927764624949,-1.7820121344748974,-0.035322685964756406,0.008521938782778541,0.01573777261640388,0.010284346388794083,0.3465183009395848
3,60.903334455638074,582.2506835992724,582.3359373986513,-0.21721734840604023,11.702210994635966,10293.521016314715,0.2581482588231646,10.847881813880319,-5.5341873029050985,-5.53091185938126,3.6320145618133175,-0.010986118670473497,3.632014561813321,4.887912544512546,6.869827072619082,-5.006416773414102,-6.096555707588413,-7.215126372241764,80.36506718851777,0.23144960133972278,2.4946575126997415,80.3651870208483,0.2314489734669707,2.4946646745951355,-0.004282019411521398,-0.0030297978513188144,-0.0012850378609110308,0.0016987518823228726,0.003196642812255725,0.010739487891337633,0.02413093290043036,0.008603811607409329,0.0021486000762988493,0.0005084589935152603,-0.016237376641650144,-0.0976219145773698,-0.11821431500219537,-0.13909672258809347,-1.8556317181173565,-0.03676829745501875,0.0064574684798162345,0.021101135049111545,0.007318773746498298,0.6531573429834784
4,62.14004337360961,448.8906375632662,446.48244417758434,-0.3158358206832045,8.46338733233539,13435.018712784547,0.2581482588231646,6.133254103187737,-3.1889777376393593,-3.260112186231582,1.7727001772594584,-0.001758424760197394,1.7727001772594584,2.052820010296645,2.46765915366712,-4.836234475320489,-5.341312015902022,-6.076953779528105,80.35838376239518,0.2314863349712075,2.4942901429840623,80.35705594983028,0.2314931738252511,2.494205524735045,0.001335682591770578,0.002495978405266559,0.004183179025819101,0.007417231955549859,0.009474002074178109,0.0031528716891274446,0.007084298240642152,0.0025258852479797577,0.0006307805754205247,0.0001492721051466103,-0.008019320097821286,-0.09438577311638185,-0.10397327891291852,-0.11784613886671003,-1.7946404392951143,-0.03557073535526689,0.004488554280898022,0.00958027664590871,0.006709064273798858,0.29970036129760547
5,62.35538481869301,737.998981085505,736.9621821318387,-0.3861107988131176,8.029713130692224,15592.006952841042,0.2581482588231646,17.403016665458516,-8.86933881686351,-8.919788647408124,7.900951510540655,-0.015151519204164758,7.900951510540657,11.394745863337924,17.220482823194207,-5.003253260948015,-6.379196122043485,-7.637104110006099,80.36026708925,0.23147517685101798,2.494393982399966,80.35714408144243,0.23149173980878993,2.494212849667253,-0.004593569801018716,-0.003351634838710899,-0.0016617443544673842,0.0011001402978739934,0.0024122885149354713,0.02815815925239401,0.06326955795231319,0.02255857075032773,0.005633473749425998,0.0013331426467981628,-0.02511754877580427,-0.09756181089964167,-0.12351450812452014,-0.14690954628141473,-1.8533105452826049,-0.036722734907926435,0.023564589451375295,0.05991792311360229,0.020896826395860345,0.6512424778769336
6,61.41888222914708,571.1296895538335,578.4389552578596,-0.21056831530018055,6.239979191390323,10155.038085475166,0.2581482588231646,10.703218720005726,-5.595493520720268,-5.318293514585639,3.515147658360935,-0.011916310795054907,3.5151476583609353,4.464578349482601,5.887210156017113,-5.006855091309803,-5.937837056625761,-6.760559803312827,80.38996209520668,0.23131479734453927,2.4960250621664484,80.39995535897505,0.2312624499394697,2.4966236784874765,-0.004934440232766646,-0.0036828303517299596,-0.001934849996455106,0.0010695126443906991,0.0025886181259009754,0.010262632362977512,0.02305946944942738,0.008221784533914383,0.002053197778257758,0.0004858823600244081,-0.015902202949234966,-0.09763024203565851,-0.11523095024141139,-0.13064067918083955,-1.8558356573491697,-0.03677230054827463,0.005328192130210865,0.01937663909769742,0.006286934537459277,0.6755405049471985
7,60.952915138806155,379.4484173539138,391.91923574559183,-0.2220230933317954,7.055744802527018,10445.23475145143,0.2581482588231646,4.722722966782574,-2.631048925763447,-2.3136971343509227,1.406488067512717,-0.0036135563422815603,1.406488067512717,1.547503234295713,1.7167363104960434,-4.848437401863725,-5.279664887856795,-5.850755811687158,80.39359360248324,0.23129508316796174,2.4962058149167143,80.3978257498806,0.2312743378450046,2.49649199428311,-0.0007637687187786435,0.000406008709296032,0.00219548156301441,0.0063206524212160746,0.00815382912938007,0.001658605443283898,0.00372677888043945,0.0013287718101110393,0.0003318295823829644,7.85263564579543e-05,-0.00635208766657866,-0.09461801351329535,-0.102805811624329,-0.11359198187694408,-1.8006923727954205,-0.035689598153764046,0.0008948367245052544,0.004132787589735482,0.003524253373125449,0.14724546166404412
8,61.610632240797244,432.4588334224822,440.25600800839754,-0.20884394141971402,7.445403943006896,10126.35967518994,0.2581482588231646,6.060261324801604,-3.2467969085930264,-3.022308357628291,1.7390031474313812,-0.00530790888172153,1.7390031474313814,1.9969618194069683,2.345902064396514,-4.916288959161186,-5.483489687785936,-6.144063270096578,80.38501031503044,0.23134190830263113,2.495744746938795,80.38912898986587,0.23132102596371512,2.496009121912069,-0.0016237614821860047,-0.0004151858390050347,0.001362298226811168,0.004959877621284608,0.00719062991932218,0.0030153766885058094,0.00677535588997183,0.002415732781281289,0.0006032725813880866,0.00014276243072481164,-0.008594524534355325,-0.09590878947022674,-0.10666292784011322,-0.11910631405523664,-1.8244945631572196,-0.03615701322204534,0.0013916152063198047,0.006360170050966795,0.003778031008092457,0.40598584977799973
9,62.39000039229131,459.0177722523411,466.6025078374171,-0.5152917011716004,10.536193328610402,19512.064093665595,0.2581482588231646,6.5388445771549835,-3.642873292863571,-3.4112629854630128,1.8296032599716334,0.0022894181120038364,1.8296032599716328,2.1550425178354327,2.730360770088299,-4.716750810811798,-5.135193606940513,-5.987548108650243,80.38566844317886,0.2313383130918375,2.495783097824478,80.39019686984365,0.2313152619662447,2.49607140590331,0.005424976387967952,0.006495578101323395,0.008036160104064532,0.010890054084711682,0.012603281535765551,0.003385055042758344,0.007605999180552265,0.002711896150289918,0.0006772324338679889,0.000160264781472768,-0.006189081099719126,-0.09211024239510668,-0.10006685080073396,-0.11616588893766477,-1.7498839811752709,-0.03469147022874808,0.008810031430726296,0.01410157728187566,0.01074805625435445,0.23781176817939312
10,61.56566581470162,636.1774602155841,636.6471337456248,-0.23813016198793485,8.858062334586226,11008.546494426775,0.2581482588231646,13.008388480653576,-6.633120281927811,-6.613398360713699,4.822265082333714,-0.013594703985945006,4.822265082333715,6.5689869637642175,9.332452412435575,-5.017820898201963,-6.1947072928524305,-7.2730826777476665,80.36656105770814,0.23144143567924966,2.4947402903120848,80.36744761726919,0.23143675671871455,2.494792563282035,-0.005378753480467758,-0.00412287767940464,-0.0023909052225482945,0.0005106338032877734,0.0019288452192714168,0.01559610275899265,0.03504343158569297,0.012494630219416951,0.003120240733728558,0.0007383944925338778,-0.019492172592173854,-0.0978385653073961,-0.12005670601263674,-0.14017188039121797,-1.8593570367017476,-0.03684141987504175,0.010217349278524893,0.030920553906288333,0.010103724996868657,0.673235963770563
11,61.68567930900787,449.4359162818553,456.75355454436817,-0.4491526746511407,10.769963236390552,17419.864967052294,0.2581482588231646,6.307850970607007,-3.4878834875057927,-3.2691201577523556,1.775221242866327,0.0006354494855441159,1.775221242866327,2.0818612653913715,2.605107053600311,-4.750481117143012,-5.206471000557345,-6.059081114156406,80.38450060508231,0.23134465336154364,2.4957183516793005,80.38862002867283,0.23132372328529596,2.4959818725934912,0.003737851817496644,0.004831997287759323,0.00641579403534858,0.00940654876609198,0.011270624222423213,0.0031631584686730636,0.007107411967245175,0.002534126377738733,0.0006328386042148411,0.00014975913075036346,-0.006725453422120585,-0.092752915258427,-0.10141868598318238,-0.11751037588833546,-1.7625968323788377,-0.03494126188822555,0.006901010286169708,0.011939409255004498,0.008949920413087313,0.25038833815535033
12,62.32842509867305,535.5127883416869,534.026698385239,-0.328680953344724,6.606790047905183,13847.828704141257,0.2581482588231646,8.95144386691482,-4.613844594631397,-4.666280225628148,2.7448182270730737,-0.005140625828841586,2.744818227073074,3.3733467983937153,4.3310951607755275,-4.918204752933953,-5.5995957198134105,-6.374511921310722,80.36006091232272,0.23147681654973226,2.4943822708644805,80.35853168480192,0.2314848095725354,2.494289273344449,-0.00021159113427983954,0.00098891870498755,0.0026791197589508503,0.005636002423605,0.007172075077299223,0.007119434099683194,0.015996906769368588,0.005703649034740953,0.0014243525207679783,0.00033706824136772376,-0.012338753573646988,-0.09594522125950078,-0.10885636717373304,-0.12342679820272118,-1.8235064004318735,-0.036137610449395785,0.0069078429654033545,0.016985825474356137,0.008382768793691804,0.506484462215425
13,62.43080171366334,739.279307168182,739.17343917195,-0.41971889239741433,8.53979108720025,16620.148422336177,0.2581482588231646,17.476781825632422,-8.94566853448721,-8.950832183542628,7.9347136979921675,-0.014285452102694374,7.934713697992164,11.511872889781742,17.534403407231924,-4.9943283543730015,-6.35541704323791,-7.6424401582405155,80.36434030781206,0.23145325076920584,2.494618642957178,80.3640193451179,0.23145495453245285,2.494600031787316,-0.003804659564816423,-0.0025687159853181978,-0.0008873560622168392,0.0018595095940884346,0.0031639742859160868,0.028295920117619135,0.06357909768350782,0.022668936211256898,0.005661034933770033,0.0013396649085285993,-0.024825997295365117,-0.09739223551633058,-0.12306920828541024,-0.14700811400758163,-1.8499932189680157,-0.03665761688833746,0.024491260552802714,0.06101038169818962,0.02178158014904006,0.642985676490426
14,62.025748763861,510.2561633759942,515.8932455703168,-0.30232694959806244,12.636658470161244,13011.345547869189,0.2581482588231646,8.350950472733414,-4.4220543467105955,-4.231223075620882,2.479044846547139,-0.005924244115667109,2.47904484654714,3.1504026114650374,4.242728194948237,-4.919097735919353,-5.724991062467266,-6.767336531820045,80.38199218790724,0.23135818831967234,2.495584926813806,80.38711138280428,0.23133165144822085,2.495899292621588,-0.0010275008461828681,0.0001726933771876077,0.0018753907686788708,0.004909578336129088,0.006540431538907026,0.006034991010572131,0.013560233467768999,0.0048348604917421425,0.0012073929666829859,0.00028572549139742575,-0.011508810780254288,-0.09596220246483433,-0.11122226898281229,-0.13076704626291036,-1.824094618343819,-0.03614916024920933,0.0050074901643892625,0.013732926844956606,0.006710251260421013,0.5113750086795706
15,62.17312392468483,518.4994397889054,519.2030744962492,-0.45402856203863906,8.645828268776544,17628.03745519651,0.2581482588231646,8.311669069763711,-4.394892925614765,-4.370804706187585,2.4564478337536024,-0.0008980363790882245,2.4564478337536038,3.0147298802773665,3.9382119893158296,-4.833249378784221,-5.402420556706433,-6.2524852107999624,80.3668996543769,0.23143994575348675,2.4947574877235534,80.36753724404369,0.23143662851179372,2.494796632948928,0.003210297363779764,0.004356240908747125,0.005974771610901558,0.008827615433240342,0.010329544580524371,0.005942787742095762,0.013353058702331791,0.004760992951726764,0.0011889462817304267,0.00028136014534343697,-0.009911749819750479,-0.09432895761993254,-0.10512979634697617,-0.12114034708487198,-1.7922123034620818,-0.03552304357517355,0.009153085105875525,0.017709299611078914,0.01073576456262832,0.3937781392601184
16,60.97930102450476,448.4584553016245,459.32926329349823,-0.21238639586020025,11.679690822307883,10156.343908060411,0.2581482588231646,6.625318150846086,-3.5816321475985813,-3.2560723991077047,1.891459161165224,-0.006343134284453289,1.891459161165224,2.2713471406377708,2.84224931683302,-4.933206329696304,-5.652725369710643,-6.549988021296804,80.3943916381469,0.23129071473212634,2.496258746282388,80.4010275069374,0.2312570002403554,2.4966796165351552,-0.002196208687542469,-0.0009812814843082195,0.0007893868315731902,0.004217461657903306,0.006419428918321675,0.0036374475300623215,0.008173108733384624,0.0029140973570756174,0.0007277274409824332,0.00017221425535493554,-0.00941880280229931,-0.09623047412479047,-0.10985917698367587,-0.126709526118023,-1.8303389783485002,-0.03627176548940381,0.0014412388425198526,0.007191827249076405,0.0037034841886488075,0.4850426657391667
17,62.45001453133571,424.1373441331554,436.0798351460253,-0.42423173533700065,10.832962897920003,16759.341291723173,0.2581482588231646,5.720703001997913,-3.241923628035299,-2.903011109299615,1.6117355298560083,0.00010167036745757359,1.6117355298560085,1.853551724168813,2.255525040840987,-4.7311357207585285,-5.159749679980119,-5.978369990684385,80.39555905738112,0.2312844185274625,2.4963199345405758,80.40118693003015,0.23125628814956378,2.4966871627188953,0.0031891053440954286,0.004270037654126583,0.00585501922709254,0.009018259741965363,0.010989085611434602,0.0024960828146267607,0.005608536228460103,0.0019997067374937743,0.0004993798382398769,0.00011817656190846396,-0.006013975186780397,-0.09238434989434674,-0.10053269192359693,-0.11599330903913618,-1.7558805160853286,-0.03480929868302984,0.005685188158722189,0.009878573882586686,0.007854725964586314,0.20487247876617912
18,61.482950255490664,449.52688059968636,453.39003814488206,-0.22156994312428285,10.196775807446754,10496.394144268783,0.2581482588231646,6.435265213478529,-3.385954257346412,-3.2708808992564005,1.8543672161174032,-0.005121722619337292,1.8543672161174032,2.1944738159420556,2.6946926572048655,-4.919355068128139,-5.577264935686454,-6.402383420492841,80.37505246437306,0.23139600095742557,2.495201732389875,80.3773305555912,0.23138433519853407,2.4953462684375354,-0.0013619755503861664,-0.00015220445929714298,0.0016100859151168664,0.0050120530167778185,0.007196597286165821,0.0034861001551326053,0.007833040995887471,0.0027928472272420028,0.0006974480659682941,0.00016504874292952367,-0.009161427810815716,-0.09596709593393093,-0.10843471029744534,-0.12394861706355664,-1.825328614721533,-0.03617338983925855,0.002124124604746439,0.007680836536590328,0.004402933142358869,0.4267638529496142
19,61.11104646541909,688.7279274855323,692.9023994984309,-0.27855958166242406,6.945668673385398,12178.274202329678,0.2581482588231646,15.437271222968453,-7.953052082374882,-7.762778722255996,6.378943193880842,-0.016537695248682396,6.378943193880838,8.838859553047818,12.790593737386704,-5.023020837434489,-6.311726288418818,-7.4059265101226295,80.38205120300208,0.23135762368362855,2.495593837573612,80.39243299277187,0.23130256899536472,2.4961995871456653,-0.006598915130994863,-0.0053433055719592495,-0.0036249403460906484,-0.0007872962017612901,0.0005764450636618618,0.021947863107215377,0.049315425214570385,0.017583266657621853,0.004391008288653706,0.0010391173674404587,-0.02293833047791625,-0.0979373429153596,-0.1222507368943847,-0.1426337554551188,-1.8608839382873166,-0.03687138986256866,0.015348947976220514,0.043972119642611135,0.013958326311531204,0.6825641696379607
20,62.51820136699661,553.8473831883966,556.0039257684472,-0.374748809028868,8.556146096767124,15267.933145520481,0.2581482588231646,9.694902012289232,-5.074305435464184,-4.995345385853915,3.03473760000594,-0.005274982595423936,3.0347376000059407,3.851078033147099,5.165395669133962,-4.9110962385667705,-5.660209518252524,-6.567194520207775,80.37185898997632,0.23141303064944946,2.495030499243682,80.37437529432555,0.23139987225254402,2.4951825254803452,0.0001452764535942686,0.0013376838236901344,0.003007571384423267,0.005894620478628468,0.007367058898938311,0.008302400805206138,0.01865495624837981,0.006651368588516564,0.0016610232428231448,0.0003930755730522648,-0.012976206530932259,-0.09581003814488886,-0.11000039318599886,-0.12703108601753088,-1.8205930309932117,-0.03608040472141405,0.008447677258800405,0.019992640072069946,0.009658939972939831,0.5168752131723947
21,62.320063004484936,615.9784441651208,616.5790599721541,-0.338419039884859,7.767550920967146,14141.967825981495,0.2581482588231646,12.075318973449173,-6.2190802118497714,-6.19465780148426,4.248367988369922,-0.009395972574421516,4.248367988369923,5.6208794395982125,7.820041729401281,-4.967745426495984,-5.930949260722917,-6.913257587651889,80.36697339551463,0.23143927455556113,2.4947628677267577,80.36797797014405,0.23143398268457155,2.4948224257434632,-0.002274975947095016,-0.001050115755039519,0.0006438993549620142,0.0034976490856766804,0.00490216869075695,0.013254413248258424,0.029781807099599246,0.01061861382112532,0.002651749655537575,0.0006275276519731155,-0.01714455792620261,-0.09688705906767259,-0.11510136930113135,-0.13348583870571507,-1.8409697025217775,-0.03648047710587532,0.010979437301163408,0.028731691344559728,0.011262513176087334,0.6080107835969822
22,61.64067942098683,652.6143248515052,653.2688369688257,-0.22186271729435253,9.855860694625866,10524.688919261318,0.2581482588231646,13.73168011616602,-6.990870036371351,-6.96267279708902,5.276087662110451,-0.015130568528462786,5.276087662110452,7.353377153064389,10.659120742788568,-5.0293967666479755,-6.315581686255967,-7.47796813864513,80.36732964543788,0.23143725963873066,2.4947827637681526,80.36867798594523,0.23143013463292558,2.4948619813918347,-0.006290109668610968,-0.005027719847157453,-0.0032910946319424086,-0.0003955750253720859,0.0010115907310750893,0.01744784863116217,0.0392041844858395,0.013978134162076552,0.0034907110357099637,0.0008260650455375071,-0.020747061110265533,-0.09805845214932263,-0.12232297652154211,-0.14396736202464333,-1.863517266228576,-0.036923075664418215,0.011157738962551202,0.03417646463868204,0.010687039530134144,0.6872982725650856
23,61.287355647118545,403.5299172459948,410.02589363720307,-0.2003577657208955,10.407089995366249,9829.396182119088,0.2581482588231646,5.222074896743742,-2.798390209964124,-2.6240424525005137,1.5304606153477418,-0.00420539650369687,1.5304606153477418,1.7433061515726436,2.0386342726919002,-4.8921965892189885,-5.468668393769949,-6.241195458618876,80.38038942878183,0.23136713379002596,2.4954898472476144,80.38305954980156,0.23135372845108299,2.495665627269903,-0.001133392445341747,6.585427489798266e-05,0.001865438514367265,0.005843403985196375,0.007934217098125309,0.0021644543453565594,0.004863388562128042,0.001734026576379596,0.00043303245169907633,0.00010247567566395877,-0.007354200135251802,-0.09545057303762328,-0.10638273447529711,-0.1209286570971091,-1.816364559834438,-0.03599737317526641,0.0010310619000148125,0.004929242837026024,0.003599465090746861,0.2697732268920763
24,61.03287503192388,744.1801497318866,743.8968323782051,-0.235764991857499,8.61137722608575,10871.53394765351,0.2581482588231646,17.897529849736184,-9.059693125045545,-9.07360171654814,8.361848439843211,-0.020720086720085327,8.361848439843211,12.227597195816504,18.51773335397219,-5.049575853482546,-6.650639737837705,-7.953866295930712,80.3635570410221,0.23145743365505508,2.4945753581971433,80.36266419268422,0.23146217259132082,2.4945236550447305,-0.008965624666770927,-0.007694343372243595,-0.005964893161114209,-0.0031394109091690977,-0.0017975895828355808,0.030038770804933952,0.06749517016448574,0.02406520008577511,0.006009719075661245,0.0014221798399001637,-0.027272347185855264,-0.09844169543964343,-0.12858969386450358,-0.15275092701325999,-1.870433740907751,-0.0370588225802424,0.021073146138163024,0.05980082679224214,0.0181003069246609,0.6973234669891049
26,60.82885559444611,508.2108353000755,506.28576709571155,-0.20001820067473486,7.889931397184203,9763.112977450848,0.2581482588231646,8.134128167696797,-4.134858691339032,-4.1992876770325,2.448927692318921,-0.007336058474488795,2.448927692318921,2.992626901602537,3.7871063784352854,-4.976462618592836,-5.744359643859276,-6.5412750774613615,80.35899001810596,0.2314826550951736,2.4943231983672245,80.35729497662007,0.2314914900547848,2.4942191553942816,-0.0025703265193829667,-0.0013294361572750678,0.00043527533444288603,0.0035982042897141756,0.00531723220817226,0.005912103083640347,0.013284112264498616,0.004736410306515065,0.0011828073428754664,0.00027990738607665814,-0.012092517373680242,-0.09705273435243156,-0.11158742610538552,-0.12654667358532545,-1.8455160180563146,-0.03656972742383602,0.0033417765642573807,0.011954676107223549,0.005171685640957951,0.5673922409463701
27,62.24257389478572,404.9073335085443,406.3668208893707,-0.29186776674500614,12.114112939484498,12721.250685683794,0.2581482588231646,5.0281225483962615,-2.6795260714702036,-2.640464243671064,1.4859354199575308,-0.0013937173745365355,1.4859354199575305,1.6916353826776382,2.0061839303862374,-4.796804407727661,-5.311083902678881,-6.174786699253543,80.3681424334554,0.23143378307080054,2.494822369672762,80.36871182362277,0.23143090677172543,2.494860025117178,0.0012189932385951573,0.0023595683583821246,0.004062912412508343,0.007753535874523744,0.009779019123011306,0.0019827768562992124,0.004455171024912172,0.0015884778402599365,0.00039668506988720684,9.387418980493681e-05,-0.00642719465642345,-0.09363515490195362,-0.10340091683144825,-0.11968293490694304,-1.7810562296106447,-0.03530390846290943,0.0032017700948943698,0.006814739383294297,0.0056513902527682795,0.17071072936081166
28,62.0857324457541,409.54241500628757,417.2594850775186,-0.26987950195522437,6.786734806934271,12035.241295827396,0.2581482588231646,5.346724939231326,-2.9135489213141477,-2.7030555198724024,1.549189188522946,-0.002929935023196155,1.549189188522946,1.733181808202159,1.9734916556829198,-4.834708069497484,-5.272489182405648,-5.867501298172684,80.3836807291842,0.23134923138507543,2.4956700969998917,80.38696877829845,0.23133273829846698,2.4958860512462318,0.00013397282725301798,0.001292550371431778,0.0030180035395008784,0.006723542730040101,0.00879361191783915,0.002240873103730968,0.005035096556896997,0.0017952485458978887,0.00044832120212509564,0.00010609370711591267,-0.0070242477812195205,-0.09435672117822325,-0.10266986943025447,-0.11390726881504787,-1.7948123569060503,-0.035574111998470825,0.0023748459309839856,0.006327646928328774,0.004813252085398767,0.23932985833171033
29,62.103237824686325,544.3727132155232,551.6684922299838,-0.22273613167820092,5.747063534649045,10608.402695571387,0.2581482588231646,9.69019399475497,-5.088367595528806,-4.824562530904365,3.0383647526610313,-0.010117929150210515,3.0383647526610336,3.762535531320301,4.825629344229142,-4.986703562876215,-5.805087422425126,-6.554715268284683,80.38870066643904,0.23132169777127667,2.495954591759053,80.39716685538231,0.2312775411860637,2.496466411389191,-0.0038936696768635012,-0.002652860555713042,-0.0009086650709684972,0.002132300084739872,0.0037034665154759274,0.008317200784881237,0.018688210843019804,0.006663225414298802,0.0016639842068635986,0.0003937762752501524,-0.014215464964933866,-0.09724735001512408,-0.11273184445030271,-0.12679787614086513,-1.848674386348792,-0.036631728028301724,0.004423531108017735,0.016035350287306762,0.005754560343330305,0.641132857079805
30,61.21184812196384,534.4404967104267,534.4445067288506,-0.22191284681623658,12.872377748805334,10473.525439262832,0.2581482588231646,9.077490057720373,-4.649772154306311,-4.6496307502302985,2.812225963283007,-0.008340425198169313,2.812225963283007,3.669730363305545,5.022109152885683,-4.979605992462288,-5.940436942840332,-7.034589933714841,80.36476586360821,0.2314513831554271,2.4946404641876216,80.3647657621558,0.231451384375999,2.494640481088,-0.0029063907181141073,-0.0016670588067735368,8.036816215227164e-05,0.003147831718067571,0.004750310269100967,0.007394479905778699,0.016614916860593597,0.0059239986755243385,0.001479379673453643,0.0003500902322813422,-0.013402031527396606,-0.09711247226522912,-0.11527985974962052,-0.13574325312074464,-1.8462662513402228,-0.03658445511972064,0.004488089187664592,0.014947858053820061,0.00600436683767661,0.5983125598291229
31,61.31967525224846,446.0116157615874,451.703619809115,-0.3506656853849433,14.667964878321627,14389.501175126155,0.2581482588231646,6.256475849618962,-3.3878573367363503,-3.2192841982675553,1.7798609225905457,-0.0018486157672801368,1.7798609225905457,2.1398928151095786,2.7562359778080667,-4.818831708842486,-5.44286085304464,-6.493175045089328,80.3799153022721,0.23136958547254005,2.4954673621441614,80.38309528707528,0.2313533867544645,2.495670566249205,0.0014357312814181047,0.0025775368092240667,0.0042379292548768875,0.007425533081202599,0.009447008020989649,0.003182089892891174,0.007149949649873906,0.0025492930606458345,0.0006366261274125056,0.00015065543539739557,-0.007772791694664988,-0.09405452027303518,-0.10589474363433227,-0.12564736868516946,-1.788066127776411,-0.0354416045077981,0.004617821174309279,0.009727486459097972,0.0067872223155227215,0.3022635041373165
32,61.86287784307129,518.02323893793,524.0843516325017,-0.3117519287622801,11.843534843383788,13276.858208470254,0.2581482588231646,8.62322014621136,-4.571674468729438,-4.363297606244202,2.5805914386758313,-0.006092291977458644,2.5805914386758313,3.2815907774766946,4.418897804741844,-4.920730127224493,-5.720530905434751,-6.735180880796065,80.38360556740123,0.23134940705035234,2.4956737440649697,80.38940702835158,0.23131929728697925,2.4960288031979165,-0.0010393947347317161,0.00016070672832745557,0.001858897702354606,0.004866053398040851,0.006462629735774995,0.0064493346135274816,0.014491236675911057,0.0051668068877559125,0.0012902887905743541,0.0003053425097748192,-0.011848622414043749,-0.09599324404599241,-0.11113817072469157,-0.13016735146621716,-1.8245804086584605,-0.03615869880640321,0.005409939878795765,0.014651943404238513,0.007025704590110518,0.5204933300467074
33,62.42579522307294,518.6423546049809,516.415203860211,-0.2070617198500551,8.199210985790595,10173.446775682758,0.2581482588231646,8.462349069375236,-4.296680440806115,-4.372730348419175,2.574527996115105,-0.007595959114801528,2.574527996115106,3.1797142013820663,4.075712379593101,-4.974565649042296,-5.772059115800365,-6.600993180220637,80.35795727863531,0.23148824152839498,2.4942667709785904,80.35586316313271,0.23149917434760792,2.4941388037024668,-0.0025647449803620644,-0.0013256491392762042,0.0004300531344988147,0.003547940365755973,0.00521054400440352,0.00642459376714103,0.014435645598376266,0.005146986056123095,0.0012853390029335017,0.0003041711591499428,-0.012554135675720257,-0.0970166826411828,-0.11210951567237792,-0.12766255250788083,-1.84465529711203,-0.03655283062572434,0.0038598487867789653,0.013109996459100062,0.0055770391906219095,0.5745964380676312
34,61.669832591846294,383.4471176525405,384.6425948139526,-0.30851140488691225,12.56538741742671,13154.783857614573,0.2581482588231646,4.446914880706698,-2.39285948667868,-2.362566798914931,1.3612973888628481,-0.00026559507188301645,1.3612973888628486,1.5191190778293142,1.7598164800100822,-4.742161976078196,-5.198851543584182,-6.059071760516921,80.36733987678953,0.23143826325894612,2.49477754202195,80.36771762080548,0.23143637453782306,2.4948031840826705,0.0019029507852102508,0.003012625787668782,0.004696289556335234,0.008509414499523447,0.010360662948849806,0.001474212562939335,0.003312460035078051,0.0011810476709077323,0.00029493894469279547,6.979631091947018e-05,-0.005380605737556878,-0.09259442950082764,-0.10127422513446094,-0.11751020015042912,-1.7614710432176994,-0.03491914284074449,0.003377163348149586,0.006325085822746833,0.0058773372272429665,0.07078933125201767
35,61.3043863250971,409.9714510627743,418.08178278879984,-0.1967710236083636,8.964828272082926,9722.762467570625,0.2581482588231646,5.445674935918456,-2.9320004533390267,-2.7104455061877926,1.5809181952240028,-0.00474797743869022,1.580918195224003,1.799083701813028,2.093957443050882,-4.904596311567677,-5.46808530678039,-6.175370769191135,80.38472462515674,0.23134349614564165,2.4957268915608637,80.38829176303567,0.2313255765490078,2.495960173028309,-0.0014600888529323409,-0.00025511391323099344,0.0015443713864347452,0.005457846026782353,0.007598280767852179,0.002370337920610784,0.005325995605408725,0.0018989677274354124,0.000474222634133819,0.0001122231940292919,-0.007705031608909582,-0.09568641973340919,-0.10637171044338511,-0.11969389497012461,-1.820734028748483,-0.036083173334625296,0.0009102490676784431,0.005070881692177731,0.0034433391138701573,0.3209584993509506
36,61.97535889649677,467.77107380412406,473.6750545376998,-0.41386442947910695,9.541940269421993,16386.027710401413,0.2581482588231646,6.861362874888266,-3.7292979548331613,-3.545929349534211,1.947151204233341,-0.0009061913709500312,1.9471512042333403,2.3088896277081474,2.899077132761354,-4.801316958628199,-5.305318829422179,-6.122329202024646,80.38127263971421,0.23136218329242966,2.4955431446024927,80.38512169021423,0.23134246624797158,2.495785868930546,0.0026284943269408397,0.003755636470534502,0.005376240716813683,0.008371475778260182,0.010160555706920114,0.003864689442341798,0.008683706575000937,0.003096149483056136,0.0007731906879269918,0.00018297298008847725,-0.008027397833119315,-0.09372107471884294,-0.10329173580026141,-0.11869829255469644,-1.7811207311603239,-0.035305175517309606,0.006493183769282637,0.012439343045535439,0.008472390199869818,0.3189037259559608
37,61.51193350591721,606.680482241997,607.2275607041377,-0.27149512360730804,6.534670252193042,12013.29390339929,0.2581482588231646,11.76799068885106,-6.030697341338967,-6.008788471119401,4.097807388480383,-0.010886660508101229,4.097807388480383,5.3293832962084675,7.239584332385022,-4.992432509359213,-5.962865577278642,-6.864979104713919,80.36674849860051,0.23144048579118615,2.4947503073385113,80.36762627847025,0.2314358646955029,2.4948024385086147,-0.0037278935153711714,-0.002486581594543247,-0.0007661896661915113,0.0021441558923762367,0.0035841882737120464,0.012640076320611546,0.02840143185924345,0.01012644517747782,0.0025288420846207205,0.0005984419880130546,-0.01727218265439694,-0.09735621195113353,-0.11570173495630331,-0.1325867882834626,-1.8502029373989815,-0.03666173365702363,0.008912182805240376,0.025914850264700202,0.00936025551128631,0.6388072701297317
38,61.919485447103625,422.4052835395222,426.65667775900465,-0.43088706661256265,7.995496070419174,16895.096442580736,0.2581482588231646,5.4480241529008735,-2.9989978736224834,-2.879913345890953,1.561691101355794,0.0014454299883059926,1.561691101355794,1.7590472500887855,2.0596528953647804,-4.709189837383043,-5.054531749198721,-5.72516316879097,80.3753733415118,0.231394388322315,2.4952177942426905,80.37725206639324,0.23138489974557355,2.495340787079073,0.004009511064501341,0.005084488914566561,0.006662585879911832,0.009823538375361717,0.011788245765689726,0.0022918850333133126,0.005149717054850715,0.0018361161399859584,0.0004585269248654866,0.00010850885713378562,-0.00563715576442102,-0.09196614985520979,-0.09853580586360866,-0.11122551404489123,-1.7479679075025456,-0.03465381896948494,0.006301396097814654,0.010234205969417275,0.00849870201989779,0.16957875918323956
39,61.693816892754384,395.21006669952385,405.46431734187144,-0.20496347927120223,6.298035859515857,10018.9919190739,0.2581482588231646,5.0930992742552395,-2.7844612411858445,-2.5136015123405975,1.4924088568317873,-0.004291708596705447,1.4924088568317873,1.6548413954588386,1.8501420801917225,-4.880725724236545,-5.340508455389625,-5.893140060477187,80.38924272318292,0.23131889651197113,2.49597151035708,80.39323904998659,0.2312990344154371,2.4962367394936056,-0.0011792604726202428,1.1625691523600206e-05,0.0018096238893449425,0.005855019753776647,0.007864950902203406,0.002009190614769653,0.004514521027421369,0.0016096389052960623,0.0004019695493744181,9.512474413143016e-05,-0.007065651424095188,-0.09523236612520847,-0.10395806605158364,-0.1143898912323037,-1.8122440069584522,-0.03591645730509341,0.0008299301421494101,0.004526146718944969,0.003419262794641005,0.24455325755811444
40,62.49948327278706,593.917636252407,596.6965644853619,-0.27667780384195007,10.417199831066217,12292.859053115739,0.2581482588231646,11.340501220801036,-5.863165671658317,-5.7540133529846695,3.8508838520746203,-0.01045633548961258,3.850883852074621,5.158711064543574,7.250426670735258,-4.9834057241197165,-6.016832697539288,-7.09200362050203,80.37461434161402,0.23139803561210348,2.4951827861147664,80.37880603736323,0.23137600238984607,2.495432520544466,-0.003454916867124731,-0.002218933257563765,-0.0005019137908102775,0.0024165368022894197,0.003869601655493618,0.011632546815345823,0.02613757839315953,0.009319275027474242,0.0023272702784237634,0.0005507406969116844,-0.01649162560968976,-0.09718468122127544,-0.11671642637976787,-0.13681042087471929,-1.8469575066278332,-0.036598024929427875,0.00817762994822109,0.023918645135595766,0.008817361236663964,0.6313603389038975
41,62.38305668869596,650.9761163311252,649.9362153034294,-0.23617471344359453,11.057567535157496,11050.587379307157,0.2581482588231646,13.571051370734157,-6.881298158856934,-6.925927925320817,5.184103670723395,-0.014249536740140852,5.184103670723398,7.2964929648861325,10.686223565090245,-5.021923687487828,-6.312475668084705,-7.531842735656058,80.36077919084767,0.2314725898212604,2.4944220764573237,80.35867589306392,0.23148369946166214,2.4942984204456,-0.005646234111661426,-0.004388113917833519,-0.002657042313984678,0.00023018143040574345,0.0016338474678448433,0.0170725235945797,0.0383608534662172,0.013677447021407186,0.003415621477399794,0.0008082953536981292,-0.020419758023410905,-0.09791650199746149,-0.12226477845567796,-0.14496398921365572,-1.860773374504976,-0.036869219734972924,0.011426289482918274,0.03397273954838368,0.011020404707422507,0.6756103613096217
42,62.42897326015385,644.9723085770945,648.8228251578504,-0.5309219683598072,6.1543218105115205,19990.714212957366,0.2581482588231646,13.228410420955035,-6.961841077186967,-6.7974913121278755,4.836238671915511,-0.0051904323115499725,4.836238671915516,6.415437908337532,9.056212472361395,-4.912029100820825,-5.750610774456765,-6.706131338805288,80.37965470044583,0.2313706760453281,2.495461121722893,80.38710165894584,0.2313313624683476,2.495900139717895,0.001972123683951995,0.0031577881755380714,0.004788254476615347,0.007504928275484503,0.00882419307111177,0.015653119615316156,0.03517154476465058,0.012540308588368774,0.0031316478346151665,0.0007410939446560816,-0.016558011427885478,-0.09582777902768536,-0.11170526306120554,-0.12962540702277514,-1.820062409715284,-0.03606998547677975,0.01762524329926815,0.03832933294018865,0.01732856306498412,0.5479033488001309
43,62.05953205330931,411.13081926952555,411.7688698319348,-0.3647962597763079,14.80605510634803,14909.110911610895,0.2581482588231646,5.101748325151835,-2.7419330638481547,-2.7246115210799884,1.4963220530377719,0.0004262129172681727,1.4963220530377719,1.724454390566271,2.117122139161391,-4.738588925985809,-5.250569279279283,-6.26272530283476,80.36621091446344,0.23144421226120218,2.4947171982414416,80.36646615071956,0.2314429200763987,2.4947340435608285,0.00285701391599838,0.0039584349974059255,0.005591180888138072,0.009016702868777244,0.011016295634279843,0.0020251577465174525,0.004550398137085905,0.001622430780929123,0.00040516402017588593,9.588070492024582e-05,-0.0058725286226810934,-0.09252635601876869,-0.10225453780993443,-0.12133233323481851,-1.7592833068791558,-0.03487615836219682,0.004882171662515832,0.008508833134491831,0.007213611669067195,0.1522208092404894
44,61.79555782916944,698.0217659823527,702.3494173263202,-0.49389889169249546,9.893836379743545,18789.782829926793,0.2581482588231646,15.653998841902913,-8.173914336461436,-7.973983397133973,6.453926326795824,-0.00987456963720478,6.453926326795824,9.232762749737116,14.018179025436785,-4.9568602835495135,-6.124211282332592,-7.387204085548349,80.38292732438012,0.23135288646217092,2.495642324521779,80.39392680708957,0.23129453801048716,2.4962838401204377,-0.0009154628538591089,0.00029653389464442064,0.0019521073104537725,0.004676771569809652,0.0059812140321719755,0.02225381903150185,0.05000288833703464,0.01782837956797346,0.004452219486889353,0.0010536027919687743,-0.02091750634701601,-0.09668015928392726,-0.11873362926358688,-0.14228700329081279,-1.8363162693669555,-0.036389119643225,0.021338356177642744,0.05029942223167906,0.01978048687842723,0.6067452467481965
46,62.20497050934317,735.0671371912506,738.2362384663002,-0.20638515122030593,6.50930940122936,10125.417034956437,0.2581482588231646,17.645364968059624,-9.002891400839546,-8.848858718440384,8.11559373760085,-0.021790675052436755,8.115593737600847,11.549973537963428,17.066284529101036,-5.055364742968549,-6.6053557567135375,-7.782555671314562,80.37875232485236,0.23137546375612925,2.4954130372308363,80.3885281750554,0.23132347707902548,2.495979315588422,-0.009795447344717654,-0.008520384284082775,-0.006784186417922985,-0.003943039189364294,-0.0025913748429861965,0.0290339703637484,0.06523744872842652,0.023260216292648874,0.00580869326079555,0.0013746077558140144,-0.026972776183686462,-0.09855162359092595,-0.1277440426669959,-0.1495942961485801,-1.8726071015068513,-0.03710147629447569,0.019238523019030743,0.05671706444434374,0.01647602987472589,0.7095048899984279
47,61.672214550103746,383.6382439501518,397.09245187135843,-0.21994281815453395,9.29887201151185,10470.381513169874,0.2581482588231646,4.8565502780457575,-2.711512795876187,-2.3649803003241043,1.432872474391823,-0.003944455159109975,1.432872474391823,1.5994974799819097,1.819735088651369,-4.855024573476985,-5.352291862561776,-6.041293966944616,80.39629045738046,0.23128037107459895,2.4963535000633743,80.40107276342431,0.23125690358306117,2.4966751226720474,-0.0009278614880932574,0.0002453065636457984,0.0020327361130802212,0.006124561690572664,0.00800772175284569,0.0017662625293461685,0.003968677371904757,0.0014150199902900535,0.0003533680417273881,8.362336054025882e-05,-0.006553446793873437,-0.09474336510863313,-0.10418113443303101,-0.11717615605938825,-1.8029662182996509,-0.03573425564755994,0.000838401041252911,0.004213983935550556,0.0034477561033702748,0.18182979429896032
48,62.0299141499149,440.250505633348,448.38715864411483,-0.44997114100034064,11.693982630237976,17487.26158415121,0.2581482588231646,6.055800708521244,-3.3721542423561046,-3.13361760716548,1.7040344791646307,0.0008564937218647139,1.7040344791646314,1.9912719247011914,2.490675017388453,-4.73425111496546,-5.188190893252386,-6.074872523111896,80.38629632983209,0.2313349105273605,2.495815788228067,80.39056070085455,0.23131334220979213,2.496090591399729,0.0038794241519563627,0.004963601803597721,0.006539436883063106,0.009559639367351658,0.011469322051565136,0.0028726929834550917,0.006454754856905735,0.0023014234464112603,0.0005747265070630854,0.0001360070980874302,-0.006297043776163877,-0.0924437089373541,-0.10107208539056511,-0.11780704284503196,-1.756754023703322,-0.03482646200408668,0.006752117135411455,0.011418356660503455,0.008840860329474367,0.2257326870813862
49,62.12403696034047,346.2772450792904,350.71289867984456,-0.22961051909704838,13.039226099866607,10819.363345824691,0.2581482588231646,3.7008432046827093,-2.0162231822051124,-1.9142305415746454,1.2279239906623856,-0.0014315907272475113,1.2279239906623856,1.3383804073716865,1.4854002657128629,-4.761019246149756,-5.231490456486032,-6.069256349615825,80.37368946148817,0.23140401251229195,2.4951200114890613,80.37469812450063,0.23139910980033876,2.4951918016870316,0.000571794743280078,0.0017031883970902999,0.003501648135159702,0.007640314072129224,0.009052293332658267,0.0009300050894010418,0.0020896611306295797,0.0007450623962798485,0.00018606185194893068,4.403091250769371e-05,-0.004786088097152692,-0.09295365449677417,-0.10189295989009017,-0.11770153972858122,-1.7698588391347414,-0.03508393675164856,0.0015017998326811199,0.0037928495277198796,0.00424671053143955,0.11966227513183605
50,62.01853034068943,624.9978916787339,624.4521955040408,-0.3588710554028352,11.42525126465262,14724.418359786985,0.2581482588231646,12.378444440313734,-6.357411066215505,-6.379904429501064,4.423626318095999,-0.009025640955769484,4.423626318095999,6.098415211529187,8.883255667524853,-4.964159770038535,-6.030076912815641,-7.217307529617867,80.36276077114606,0.2314619655614417,2.494531061576091,80.36181010136984,0.23146697690068785,2.494474803705738,-0.0018743218504761812,-0.000652097868551008,0.001035532694775358,0.0038694967415667,0.005258740135525913,0.013969525063085362,0.031388616976801356,0.011191517054059383,0.002794818795839757,0.0006613844836299635,-0.017450698633243993,-0.0968189071785237,-0.11696535549886566,-0.1391371977946494,-1.839573040644138,-0.03645305791569631,0.01209520321260918,0.030736519108250347,0.012227049748834741,0.6021979682939199
51,61.06409366330993,350.1135092170522,352.38521749675664,-0.13515159962277726,7.301961470371398,7825.546664596654,0.2581482588231646,3.8383997139726223,-2.013099705345368,-1.9604516082500316,1.2615238563877589,-0.00327663376916092,1.2615238563877587,1.3598134849370036,1.4565583431604294,-4.890419260461076,-5.330414528537797,-5.881675198466185,80.36929438917132,0.23142786471010912,2.4948816016950324,80.3698509831188,0.23142512588961855,2.4949206007673923,-0.0011209319336057903,9.755815924161668e-05,0.002043266824981263,0.006511002616126903,0.007987515631983655,0.0010671036284226538,0.0023977126577928074,0.0008548972425339642,0.0002134905277277724,5.052181653111257e-05,-0.005593048632083787,-0.09541676515491271,-0.10376695866615115,-0.11417409365529851,-1.81788192498209,-0.03602716903032421,-5.382830518313648e-05,0.002495270817034424,0.0028981640675152273,0.16146273491854216
52,60.28057340917961,548.8509619803054,548.7196790990181,-0.13815348657365303,10.150525104191022,7821.464031648277,0.2581482588231646,9.67508778109891,-4.904243820027274,-4.908997447645289,3.09166849183435,-0.011249858143215252,3.09166849183435,4.0059736413508,5.379007777422549,-5.032962443401678,-6.063785388800069,-7.042906938636884,80.36433739079084,0.23145361605444403,2.494616974010355,80.36418414716702,0.23145441856158502,2.4946077283947012,-0.005059693099069532,-0.0037872994929918917,-0.001998839070943228,0.001118268851373151,0.002727444623383042,0.00853469762920738,0.01917691214885421,0.006837470396249714,0.0017074978027670717,0.00040407362161133366,-0.014850049707417561,-0.09812617777236443,-0.11759875845185885,-0.13589788495810762,-1.8658605981694776,-0.0369690683862095,0.003475004530137848,0.01538961265586232,0.004838631325306486,0.6855910909841307
53,60.57574360343075,436.8524805469385,438.28037601935785,-0.17907614581909312,8.670371681191977,9097.58723572311,0.2581482588231646,6.036940831557105,-3.128620719020756,-3.0873962583554424,1.7539392429601681,-0.00528647888729353,1.7539392429601681,2.0341640351545855,2.4195074081131143,-4.942109935466177,-5.568458429890244,-6.298465937361664,80.36839347497119,0.23143213721793027,2.494836948246575,80.36915407551817,0.2314282433934622,2.4948855866134045,-0.0017909634697323665,-0.0005628794071196274,0.0012411192065980073,0.004860996750598486,0.007136332475956051,0.0030763208866886474,0.006912293551422782,0.0024645574929467954,0.0006154654075442794,0.0001456478220937646,-0.008848878779707327,-0.0963997536479001,-0.10826839566926327,-0.12200225143082277,-1.8341253783857314,-0.03634610597735077,0.001285357416956281,0.006349414144303155,0.003705676699544803,0.41637502054112757
54,60.6152189351029,372.5747149283757,377.9790642429477,-0.16867957628058733,8.398697844017128,8787.229870073006,0.2581482588231646,4.423353341231181,-2.3629247300274683,-2.2291081874843,1.3629103808889143,-0.0036757355778560246,1.3629103808889147,1.4996515459110624,1.6619976248320443,-4.88732078687848,-5.374438093829992,-6.006845305834807,80.37666734135213,0.23138749757562377,2.495283987126864,80.3783419687171,0.2313792010080227,2.4953979287603234,-0.0011289904254367586,7.591696959214981e-05,0.0019400057889128663,0.006287958775222528,0.0080545019484114,0.001480794102640554,0.003327248328013297,0.0011863203923120412,0.00029625568314878915,7.010791265375415e-05,-0.006307231007288643,-0.0953578252901841,-0.10460030339415882,-0.1165286870638731,-1.8156385000670183,-0.03598311568504775,0.00035180367720379535,0.003403165297605447,0.0031263261812249075,0.08134753741621965
55,61.44379082615987,529.5311261708803,527.6772589668316,-0.20692565203253574,6.699669357413537,10047.681801958895,0.2581482588231646,8.854417196766905,-4.498342310494604,-4.563000538304837,2.7313963733703748,-0.00818248867313018,2.7313963733703748,3.359325583975887,4.276447082422855,-4.983568402736749,-5.774571352533819,-6.54545266713863,80.35897227732308,0.23148267957767676,2.4943223501622853,80.3570961148872,0.2314924862626368,2.494208213144325,-0.0029079945172293055,-0.0016648334144171875,9.085965958534163e-05,0.003184441807060059,0.004810855862904534,0.0070646685078013085,0.0158738520356303,0.005659774239230446,0.001413395820030797,0.00033447537492853433,-0.013180817478601312,-0.09718777265225931,-0.11215685962012589,-0.1266247582809974,-1.8478291953354264,-0.036615136633195156,0.0041566739905720025,0.014209018621213114,0.005750633898815787,0.59528282338722
56,61.21159128541245,345.60186512167235,354.36998712434104,-0.2981779151150349,4.612705453280913,12785.245171854753,0.2581482588231646,3.721055248602345,-2.110854158572513,-1.908379005144867,1.220594798471526,-0.0003284446253160138,1.220594798471526,1.2943612748271596,1.3555349690291538,-4.687054643572319,-4.9262035010889775,-5.329812002137057,80.3828729182294,0.23135378506612825,2.4956177431994644,80.38484421871614,0.23134434741471505,2.4957591734744575,0.0016240739859362822,0.002696340497196587,0.0043872904580539015,0.008320836525584777,0.009707246280417796,0.0009000995668674603,0.002022465360690471,0.0007211039464446745,0.00018007879124365834,4.261504128163296e-05,-0.004245563246968419,-0.09154424474826317,-0.0960973219283654,-0.10375555044492868,-1.742197023823755,-0.034540415429493154,0.0025241735528037427,0.004718805857887058,0.005108394404498576,0.08256083389409968
57,61.4910657008959,403.5167644707769,399.9496750460901,-0.39548725304760696,6.180088565386647,15769.183722792066,0.2581482588231646,4.756871299763994,-2.528903755929578,-2.623454796882023,1.425174277617054,0.0020461814690389073,1.425174277617054,1.5641763099770878,1.7457153968465469,-4.686775398591814,-4.969892241960682,-5.521995004965841,80.35631926743888,0.23149785132971942,2.4941773855098734,80.35503716782003,0.231504362453102,2.4940918506029344,0.004002195324793282,0.005076149875531864,0.006674101874661407,0.010074210744539626,0.0120318309288332,0.0017348513463507336,0.0038980984805409183,0.0013898552986778428,0.00034708375044055067,8.213620410853875e-05,-0.005076845690309433,-0.09153892160815169,-0.09692786194954361,-0.10739065721583008,-1.7403958375867945,-0.03450501898458702,0.005737046671144015,0.008974248356072783,0.00806395717333925,0.1014336963515779
58,62.00288799083694,340.5607018237311,352.8919693254103,-0.3409292212439593,7.060091807739947,14178.624455308252,0.2581482588231646,3.640601290585458,-2.1318172158507243,-1.849713295978693,1.2001587051084108,0.0004084684415585338,1.2001587051084106,1.2772136657559612,1.3583213694683909,-4.624868322479614,-4.874400982097738,-5.394322676753949,80.39020146418346,0.23131374854521358,2.4960145092355486,80.39282315011648,0.23130141518426256,2.496205196135742,0.0024124804185481977,0.003438047541298869,0.005054943333000081,0.008815523252708806,0.010134035193534346,0.0008167135627002883,0.0018351024164092974,0.0006543002517240283,0.00016339613591329075,3.866714691450046e-05,-0.003674435577453226,-0.09035842574956465,-0.09511204114852723,-0.1049765818209848,-1.719147789918285,-0.0340874088860077,0.003229193981248486,0.005273149957708167,0.005709243584724109,0.08270078236225212
59,62.38716177590563,452.53245206442057,460.0866457635402,-0.1592909657066547,11.505527826316118,8720.5949495026,0.2581482588231646,6.695656444904946,-3.541192500533483,-3.313754910078118,1.9294069172605344,-0.007297286036408839,1.9294069172605344,2.326568945488103,2.90649548608556,-4.969015456695313,-5.7456520316846005,-6.639199700831955,80.38527864905238,0.23134044673570336,2.4957612733446073,80.39000891013369,0.23131627473654476,2.496060027571217,-0.0029956475111512625,-0.0017546454456328453,5.2362075139262174e-05,0.0035334950956235106,0.005783239911171011,0.003792286896455585,0.008521022749265654,0.003038145053887382,0.0007587054427095895,0.00017954509544614342,-0.009885582715273636,-0.09691119767301859,-0.11161178890677192,-0.12837609674988648,-1.8436088084032631,-0.03653228682422305,0.0007966393853043223,0.006766377303632809,0.003090507129026644,0.5432552767390938
60,62.31741530144319,439.7311599691467,449.15392655472687,-0.3741148345097507,12.017130470197301,15223.650820800069,0.2581482588231646,6.15318164068005,-3.401807063454654,-3.1254894117351473,1.7376420667100096,-0.0015246461637323022,1.7376420667100096,2.04543710178804,2.556308215137384,-4.793798526352633,-5.327236578112027,-6.2301505785052775,80.38976830894407,0.23131600548598452,2.496005490081065,80.39484049846541,0.231290355330326,2.496331345683634,0.0018588576625959126,0.0029824345123735394,0.004619833162649764,0.007792345846693055,0.009807086052346294,0.0030098230300502743,0.006762877179543699,0.0024112835345791385,0.0006021614864176342,0.00014249949383087404,-0.007290680014225116,-0.09357792009592669,-0.10370678660632315,-0.12072153394702068,-1.7788334265598338,-0.03526024369525205,0.004868680692646187,0.009745311691917238,0.007031116697228902,0.2785128973288243
61,62.478652142651086,461.7845120757635,464.57632820771477,-0.370665705492987,10.063076526669956,15139.222345624752,0.2581482588231646,6.620861646301027,-3.538423747607476,-3.453103604186538,1.8906078385855618,-0.001478062804262245,1.8906078385855618,2.237477889120175,2.7934683996425345,-4.818072179557675,-5.35190544698767,-6.187603516408613,80.37235900177315,0.2314106172678325,2.495055145115849,80.37408610770898,0.23140175029911716,2.4951643724868857,0.0019758742496341964,0.003118142519571771,0.004766502153180244,0.007846615139332191,0.009737128242860578,0.003633973853028556,0.008165303606336884,0.0029113144624827005,0.0007270324783533673,0.0001720497947823034,-0.00816134382763245,-0.09404006163841083,-0.10417381974840378,-0.11992342660054511,-1.787514039015392,-0.035430760136340056,0.005609848102662752,0.011283446125908654,0.007677816615662945,0.3195503811523138
62,61.87107673481397,528.0414529399019,528.6702605524508,-0.2984408641991563,6.549600153534312,12874.386928382608,0.2581482588231646,8.795768906927144,-4.558065348379764,-4.536144422746536,2.6771425456685902,-0.006020590979574097,2.6771425456685902,3.2765464172135217,4.176956019887792,-4.931839138751104,-5.625687616300656,-6.385977763549445,80.36671293143912,0.2314409098424794,2.4947473560196634,80.36733980332055,0.2314376399894999,2.49478556733898,-0.0010252996089113358,0.00018363599884901568,0.0018898050438483308,0.00489153234510045,0.006466024143035413,0.006843294988780726,0.0153764400931366,0.005482423505955854,0.0013691066356049904,0.00032399448814780373,-0.012338002843974877,-0.09620447904597029,-0.10934891621039322,-0.12364148407133413,-1.828634942946683,-0.03623830828347718,0.005817995379869391,0.015560076091985616,0.007372228549804185,0.5262087083493551
63,61.07096074696888,555.8995937140301,554.766234615857,-0.2837083059180767,7.969230943367723,12329.444877170967,0.2581482588231646,9.746488673514643,-4.994334752384339,-5.035862227048381,3.097196444778932,-0.00748508011125414,3.097196444778932,3.9244400973141547,5.20499829336642,-4.959433826005933,-5.784447615258726,-6.665738654865228,80.36104230770738,0.23147140076188547,2.494436091907779,80.35970229314603,0.23147842216227532,2.494355270761921,-0.001909435466129505,-0.000684976547246566,0.0010306708037737895,0.00399996501969502,0.0055165476208404165,0.008557253501265825,0.019227593730756457,0.006855540761968755,0.0017120104526174294,0.0004051415250459049,-0.014014416315494478,-0.09672907813266551,-0.11234296888380735,-0.12887156591580817,-1.8385271704546846,-0.036432525193443754,0.00664781803513632,0.018542617183509892,0.007886211565742544,0.574698032769839
64,60.8128252094714,385.8533988688251,397.123758817026,-0.231975870817131,9.67666322417793,10729.865766116756,0.2581482588231646,4.848810131566356,-2.685952804350361,-2.394833198033126,1.4341970163054418,-0.003453634367761794,1.4341970163054423,1.6036446586070379,1.832711996189334,-4.846512319850438,-5.34146356329277,-6.05331864613694,80.3911564310543,0.2313083982404633,2.4960741642439683,80.39517387059789,0.23128859060484208,2.4963440142985633,-0.0005894047257326185,0.0005783043786355469,0.0023532089149097706,0.006399638304214119,0.00830701600092989,0.0017716670974094553,0.003980821085889125,0.001419349795016911,0.00035444930886699785,8.387923877818299e-05,-0.006498083714624744,-0.09458137823036261,-0.10397614796605703,-0.11740210625957181,-1.7998040782485014,-0.03567215209296193,0.0011822623716768368,0.004559125464524671,0.0037725587099266813,0.17252579704559554
65,62.25713920449644,736.0111977132619,736.7419395769655,-0.3369778576362905,6.877118656526363,14090.443755086158,0.2581482588231646,17.441845795304037,-8.907163877015527,-8.871659775924801,7.928979269963065,-0.01710912049805557,7.928979269963084,11.299174876912968,16.837270757009886,-5.017426451273799,-6.415872811130974,-7.611788398062124,80.3680079872466,0.23143348666340197,2.4948208508936753,80.37021840998261,0.2314217513097461,2.494949013860179,-0.006148018992871351,-0.004897223621647672,-0.00319475432470377,-0.00041079145691306064,0.000912635721107967,0.028272521759085883,0.06352652308912687,0.022650190897627452,0.005656353731515467,0.0013385571177335351,-0.025645024972689022,-0.09783107220608178,-0.12420111382975851,-0.14644183569955516,-1.8585617405150967,-0.03682580963597126,0.022124502766214534,0.058629299467479204,0.01945543657292368,0.668161878964368
66,61.94463020745317,446.6293294905708,453.0735210276145,-0.2803916267074341,5.596467497341841,12336.384469474393,0.2581482588231646,6.365098365808707,-3.4183811535053352,-3.2271088390108056,1.8181745728789245,-0.003889441366527482,1.8181745728789245,2.0776563101636136,2.426974788827284,-4.872587822643482,-5.3567783792831,-5.942216416674406,80.38197238408348,0.23135842857279762,2.4955799807789596,80.38567897344025,0.23133953695039672,2.4958160626084904,-0.0002367352917194433,0.0009409550150069843,0.002656168434102333,0.005967336147231076,0.008083805695112384,0.003338422228325332,0.007501218270379734,0.002674536831655318,0.000667902820606856,0.00015805695982137267,-0.008559291854364702,-0.0950775452439323,-0.10426606012518647,-0.11531333473922856,-1.807982551238918,-0.03583277093421988,0.0031016869366058885,0.008442173285386718,0.005330705265757651,0.3685624441060662
67,61.11049154280541,764.6923553822612,766.5340246229912,-0.27728919226602955,4.939712050108234,12139.698261738968,0.2581482588231646,18.98368999575,-9.677005942757818,-9.583973245258212,9.249828608173601,-0.021432876139666268,9.249828608173601,13.161928956787419,19.543276624743374,-5.043234852545031,-6.584705715373607,-7.753398470117812,80.37322727508744,0.2314052723978177,2.495108772123645,80.37960965530945,0.2313713124441083,2.4954772900440636,-0.009000571711610804,-0.007734421810701808,-0.0060154814413030345,-0.003217188134566795,-0.001893354942050565,0.03366202289627574,0.07563638266755443,0.026967924937786082,0.006734606500338745,0.001593722014932706,-0.028612935829355944,-0.09832127527310819,-0.12735827937166466,-0.14905645061871375,-1.8679753374202246,-0.03701057356228343,0.024661451184664937,0.06790196085685263,0.020952443496483047,0.6914309508579009
68,61.445371800564374,500.4679041800666,503.40403395133296,-0.1523236903132137,9.15011943534358,8392.778254770537,0.2581482588231646,8.083345675747,-4.166453920329072,-4.069215445731141,2.4173510222652133,-0.008960141962420396,2.417351022265212,2.9822895091145245,3.8049970419067685,-5.002648726020375,-5.847724311857094,-6.695679098795793,80.37348688851797,0.23140432278497816,2.4951181776851024,80.37602614800643,0.23139114415119238,2.4952743807004816,-0.00383347821470443,-0.002575975773835917,-0.0007820054497010124,0.0024600500206241947,0.004255643151288182,0.005783259850547845,0.012994609874450998,0.004633189099355684,0.0011570302682836291,0.00027380732792841927,-0.01219561618168483,-0.09755032509281214,-0.11353489827439345,-0.12943037011651082,-1.855273865236129,-0.03676127319321976,0.0019497816358434146,0.010418634100615082,0.0038511836496546714,0.6303561856129193
69,61.54356283394226,393.38020078961597,402.58827951254233,-0.3383526698603561,9.802679013210732,14043.775887360202,0.2581482588231646,4.883652136086754,-2.731900502700307,-2.490104303246803,1.434012467434184,-0.0008232723778378675,1.434012467434184,1.6012841685185946,1.8478557238624997,-4.747997736490728,-5.156317645562735,-5.883306156507906,80.38655919962876,0.23133353986475125,2.495825041734097,80.38989146973498,0.2313170421947424,2.496048622909966,0.0017831445269490783,0.002883921214235868,0.004536741514970165,0.008182926386048646,0.010105428086923473,0.001770914077119601,0.003979129098126673,0.0014187465218649675,0.0003542986555519976,8.384358717704988e-05,-0.005684751800647767,-0.09270560647924253,-0.10046759174506059,-0.11420479399703765,-1.7630485194348178,-0.034950136380508146,0.0035540586040686793,0.006863050312362541,0.005955488036835132,0.13223890751501557
